{"ROC-AUC": 0.8488588704222128, "F1-score": 0.5655608214849921, "feature_type": "union", "n_features": 19}